"Benchmark","Mode","Threads","Samples","Score","Score Error (99.9%)","Unit","Param: size"
"org.CustomQueue.CustomQueueBenchmark.testAdd","avgt",1,3,28617.296019,6608.569246,"ns/op",10000
"org.CustomQueue.CustomQueueBenchmark.testAdd","avgt",1,3,55250.456043,64895.744670,"ns/op",20000
"org.CustomQueue.CustomQueueBenchmark.testAdd","avgt",1,3,76561.350823,12710.900168,"ns/op",30000
"org.CustomQueue.CustomQueueBenchmark.testAdd","avgt",1,3,107680.300362,90241.028461,"ns/op",40000
"org.CustomQueue.CustomQueueBenchmark.testAdd","avgt",1,3,128612.203109,24189.129631,"ns/op",50000
"org.CustomQueue.CustomQueueBenchmark.testAdd","avgt",1,3,153721.304759,76108.487796,"ns/op",60000
"org.CustomQueue.CustomQueueBenchmark.testAdd","avgt",1,3,248953.913828,568549.357727,"ns/op",70000
"org.CustomQueue.CustomQueueBenchmark.testAdd","avgt",1,3,216197.002038,26445.522517,"ns/op",80000
"org.CustomQueue.CustomQueueBenchmark.testAdd","avgt",1,3,251649.785716,241276.466380,"ns/op",90000
"org.CustomQueue.CustomQueueBenchmark.testAdd","avgt",1,3,273176.531724,384484.830267,"ns/op",100000
"org.CustomQueue.CustomQueueBenchmark.testAddAll","avgt",1,3,25124.186212,7870.119918,"ns/op",10000
"org.CustomQueue.CustomQueueBenchmark.testAddAll","avgt",1,3,47644.355434,13889.178138,"ns/op",20000
"org.CustomQueue.CustomQueueBenchmark.testAddAll","avgt",1,3,71466.433170,36377.555544,"ns/op",30000
"org.CustomQueue.CustomQueueBenchmark.testAddAll","avgt",1,3,97842.068906,28648.607063,"ns/op",40000
"org.CustomQueue.CustomQueueBenchmark.testAddAll","avgt",1,3,122022.827003,130056.265903,"ns/op",50000
"org.CustomQueue.CustomQueueBenchmark.testAddAll","avgt",1,3,220760.721600,129208.698396,"ns/op",60000
"org.CustomQueue.CustomQueueBenchmark.testAddAll","avgt",1,3,235264.414154,913087.551953,"ns/op",70000
"org.CustomQueue.CustomQueueBenchmark.testAddAll","avgt",1,3,193233.639217,108210.250540,"ns/op",80000
"org.CustomQueue.CustomQueueBenchmark.testAddAll","avgt",1,3,205063.491458,21387.345824,"ns/op",90000
"org.CustomQueue.CustomQueueBenchmark.testAddAll","avgt",1,3,225922.113260,3460.560889,"ns/op",100000
"org.CustomQueue.CustomQueueBenchmark.testClear","avgt",1,3,26304.304626,280.889233,"ns/op",10000
"org.CustomQueue.CustomQueueBenchmark.testClear","avgt",1,3,52650.757045,3596.293061,"ns/op",20000
"org.CustomQueue.CustomQueueBenchmark.testClear","avgt",1,3,77983.778136,1151.497571,"ns/op",30000
"org.CustomQueue.CustomQueueBenchmark.testClear","avgt",1,3,104432.512345,3561.889595,"ns/op",40000
"org.CustomQueue.CustomQueueBenchmark.testClear","avgt",1,3,127925.863138,55667.803028,"ns/op",50000
"org.CustomQueue.CustomQueueBenchmark.testClear","avgt",1,3,150091.701787,163180.066645,"ns/op",60000
"org.CustomQueue.CustomQueueBenchmark.testClear","avgt",1,3,172152.606598,210695.086517,"ns/op",70000
"org.CustomQueue.CustomQueueBenchmark.testClear","avgt",1,3,193843.235509,239942.038872,"ns/op",80000
"org.CustomQueue.CustomQueueBenchmark.testClear","avgt",1,3,213091.405744,249701.472874,"ns/op",90000
"org.CustomQueue.CustomQueueBenchmark.testClear","avgt",1,3,231185.226554,127649.352371,"ns/op",100000
"org.CustomQueue.CustomQueueBenchmark.testConstructorCapacity","avgt",1,3,974.795822,475.791559,"ns/op",10000
"org.CustomQueue.CustomQueueBenchmark.testConstructorCapacity","avgt",1,3,1688.201332,370.483954,"ns/op",20000
"org.CustomQueue.CustomQueueBenchmark.testConstructorCapacity","avgt",1,3,1850.813045,4161.623898,"ns/op",30000
"org.CustomQueue.CustomQueueBenchmark.testConstructorCapacity","avgt",1,3,2539.351467,150.589895,"ns/op",40000
"org.CustomQueue.CustomQueueBenchmark.testConstructorCapacity","avgt",1,3,2604.863403,2270.128478,"ns/op",50000
"org.CustomQueue.CustomQueueBenchmark.testConstructorCapacity","avgt",1,3,3448.791091,791.826303,"ns/op",60000
"org.CustomQueue.CustomQueueBenchmark.testConstructorCapacity","avgt",1,3,5641.097076,3520.243699,"ns/op",70000
"org.CustomQueue.CustomQueueBenchmark.testConstructorCapacity","avgt",1,3,5642.316034,7275.830941,"ns/op",80000
"org.CustomQueue.CustomQueueBenchmark.testConstructorCapacity","avgt",1,3,5920.745339,11550.871833,"ns/op",90000
"org.CustomQueue.CustomQueueBenchmark.testConstructorCapacity","avgt",1,3,6973.313843,4196.209915,"ns/op",100000
"org.CustomQueue.CustomQueueBenchmark.testConstructorCollection","avgt",1,3,21752.414740,37591.013086,"ns/op",10000
"org.CustomQueue.CustomQueueBenchmark.testConstructorCollection","avgt",1,3,41726.545157,48671.273081,"ns/op",20000
"org.CustomQueue.CustomQueueBenchmark.testConstructorCollection","avgt",1,3,61252.082772,30410.099237,"ns/op",30000
"org.CustomQueue.CustomQueueBenchmark.testConstructorCollection","avgt",1,3,90133.838047,105056.838024,"ns/op",40000
"org.CustomQueue.CustomQueueBenchmark.testConstructorCollection","avgt",1,3,102163.555277,17089.525244,"ns/op",50000
"org.CustomQueue.CustomQueueBenchmark.testConstructorCollection","avgt",1,3,126211.341048,255688.665698,"ns/op",60000
"org.CustomQueue.CustomQueueBenchmark.testConstructorCollection","avgt",1,3,144495.859908,36452.401582,"ns/op",70000
"org.CustomQueue.CustomQueueBenchmark.testConstructorCollection","avgt",1,3,174698.992336,47996.256827,"ns/op",80000
"org.CustomQueue.CustomQueueBenchmark.testConstructorCollection","avgt",1,3,199799.077898,349506.708020,"ns/op",90000
"org.CustomQueue.CustomQueueBenchmark.testConstructorCollection","avgt",1,3,218911.020809,423664.781017,"ns/op",100000
"org.CustomQueue.CustomQueueBenchmark.testConstructorDefault","avgt",1,3,42.315762,220.512843,"ns/op",10000
"org.CustomQueue.CustomQueueBenchmark.testConstructorDefault","avgt",1,3,36.603610,86.214386,"ns/op",20000
"org.CustomQueue.CustomQueueBenchmark.testConstructorDefault","avgt",1,3,51.345041,487.221824,"ns/op",30000
"org.CustomQueue.CustomQueueBenchmark.testConstructorDefault","avgt",1,3,27.150651,16.358426,"ns/op",40000
"org.CustomQueue.CustomQueueBenchmark.testConstructorDefault","avgt",1,3,65.753409,980.891172,"ns/op",50000
"org.CustomQueue.CustomQueueBenchmark.testConstructorDefault","avgt",1,3,28.153059,16.386740,"ns/op",60000
"org.CustomQueue.CustomQueueBenchmark.testConstructorDefault","avgt",1,3,29.717694,23.734845,"ns/op",70000
"org.CustomQueue.CustomQueueBenchmark.testConstructorDefault","avgt",1,3,50.452541,228.851649,"ns/op",80000
"org.CustomQueue.CustomQueueBenchmark.testConstructorDefault","avgt",1,3,38.737569,226.748774,"ns/op",90000
"org.CustomQueue.CustomQueueBenchmark.testConstructorDefault","avgt",1,3,39.197399,227.724273,"ns/op",100000
"org.CustomQueue.CustomQueueBenchmark.testContains","avgt",1,3,2753.325227,4377.011584,"ns/op",10000
"org.CustomQueue.CustomQueueBenchmark.testContains","avgt",1,3,5895.824436,98.947460,"ns/op",20000
"org.CustomQueue.CustomQueueBenchmark.testContains","avgt",1,3,8491.170755,407.247975,"ns/op",30000
"org.CustomQueue.CustomQueueBenchmark.testContains","avgt",1,3,11565.114888,1645.356021,"ns/op",40000
"org.CustomQueue.CustomQueueBenchmark.testContains","avgt",1,3,14472.099592,2097.494558,"ns/op",50000
"org.CustomQueue.CustomQueueBenchmark.testContains","avgt",1,3,17170.325791,3260.662780,"ns/op",60000
"org.CustomQueue.CustomQueueBenchmark.testContains","avgt",1,3,18954.610163,1776.901420,"ns/op",70000
"org.CustomQueue.CustomQueueBenchmark.testContains","avgt",1,3,20581.731859,2051.202610,"ns/op",80000
"org.CustomQueue.CustomQueueBenchmark.testContains","avgt",1,3,21976.932746,1798.843724,"ns/op",90000
"org.CustomQueue.CustomQueueBenchmark.testContains","avgt",1,3,23762.628764,2990.245401,"ns/op",100000
"org.CustomQueue.CustomQueueBenchmark.testContainsAll","avgt",1,3,10440.640140,370.082070,"ns/op",10000
"org.CustomQueue.CustomQueueBenchmark.testContainsAll","avgt",1,3,20766.209228,1661.161572,"ns/op",20000
"org.CustomQueue.CustomQueueBenchmark.testContainsAll","avgt",1,3,30039.550207,716.887424,"ns/op",30000
"org.CustomQueue.CustomQueueBenchmark.testContainsAll","avgt",1,3,39571.249218,8273.027451,"ns/op",40000
"org.CustomQueue.CustomQueueBenchmark.testContainsAll","avgt",1,3,48996.713846,2359.489182,"ns/op",50000
"org.CustomQueue.CustomQueueBenchmark.testContainsAll","avgt",1,3,58894.422767,4630.306774,"ns/op",60000
"org.CustomQueue.CustomQueueBenchmark.testContainsAll","avgt",1,3,68758.215171,3178.373764,"ns/op",70000
"org.CustomQueue.CustomQueueBenchmark.testContainsAll","avgt",1,3,80392.055347,10096.408889,"ns/op",80000
"org.CustomQueue.CustomQueueBenchmark.testContainsAll","avgt",1,3,94202.885612,186215.085035,"ns/op",90000
"org.CustomQueue.CustomQueueBenchmark.testContainsAll","avgt",1,3,98362.341000,7542.546575,"ns/op",100000
"org.CustomQueue.CustomQueueBenchmark.testElement","avgt",1,3,20.050020,148.761227,"ns/op",10000
"org.CustomQueue.CustomQueueBenchmark.testElement","avgt",1,3,23.602762,24.772019,"ns/op",20000
"org.CustomQueue.CustomQueueBenchmark.testElement","avgt",1,3,22.351956,8.672610,"ns/op",30000
"org.CustomQueue.CustomQueueBenchmark.testElement","avgt",1,3,23.382361,17.948901,"ns/op",40000
"org.CustomQueue.CustomQueueBenchmark.testElement","avgt",1,3,29.279772,153.220035,"ns/op",50000
"org.CustomQueue.CustomQueueBenchmark.testElement","avgt",1,3,31.751672,68.905860,"ns/op",60000
"org.CustomQueue.CustomQueueBenchmark.testElement","avgt",1,3,31.406434,31.894790,"ns/op",70000
"org.CustomQueue.CustomQueueBenchmark.testElement","avgt",1,3,25.884420,48.531194,"ns/op",80000
"org.CustomQueue.CustomQueueBenchmark.testElement","avgt",1,3,25.061172,51.954178,"ns/op",90000
"org.CustomQueue.CustomQueueBenchmark.testElement","avgt",1,3,26.767979,95.964132,"ns/op",100000
"org.CustomQueue.CustomQueueBenchmark.testIsEmpty","avgt",1,3,20.164560,165.036524,"ns/op",10000
"org.CustomQueue.CustomQueueBenchmark.testIsEmpty","avgt",1,3,26.265778,45.420592,"ns/op",20000
"org.CustomQueue.CustomQueueBenchmark.testIsEmpty","avgt",1,3,25.055581,31.995404,"ns/op",30000
"org.CustomQueue.CustomQueueBenchmark.testIsEmpty","avgt",1,3,24.157323,20.423513,"ns/op",40000
"org.CustomQueue.CustomQueueBenchmark.testIsEmpty","avgt",1,3,33.745939,239.310516,"ns/op",50000
"org.CustomQueue.CustomQueueBenchmark.testIsEmpty","avgt",1,3,26.568256,51.830391,"ns/op",60000
"org.CustomQueue.CustomQueueBenchmark.testIsEmpty","avgt",1,3,24.239157,29.382302,"ns/op",70000
"org.CustomQueue.CustomQueueBenchmark.testIsEmpty","avgt",1,3,25.368381,18.368026,"ns/op",80000
"org.CustomQueue.CustomQueueBenchmark.testIsEmpty","avgt",1,3,27.474640,38.602100,"ns/op",90000
"org.CustomQueue.CustomQueueBenchmark.testIsEmpty","avgt",1,3,29.335336,69.723349,"ns/op",100000
"org.CustomQueue.CustomQueueBenchmark.testIterator","avgt",1,3,5367.823882,11734.493548,"ns/op",10000
"org.CustomQueue.CustomQueueBenchmark.testIterator","avgt",1,3,10007.092283,318.082778,"ns/op",20000
"org.CustomQueue.CustomQueueBenchmark.testIterator","avgt",1,3,15103.403439,260.723367,"ns/op",30000
"org.CustomQueue.CustomQueueBenchmark.testIterator","avgt",1,3,19831.749086,747.445251,"ns/op",40000
"org.CustomQueue.CustomQueueBenchmark.testIterator","avgt",1,3,24387.645774,2749.978730,"ns/op",50000
"org.CustomQueue.CustomQueueBenchmark.testIterator","avgt",1,3,28018.923372,3616.826138,"ns/op",60000
"org.CustomQueue.CustomQueueBenchmark.testIterator","avgt",1,3,33061.205317,804.282742,"ns/op",70000
"org.CustomQueue.CustomQueueBenchmark.testIterator","avgt",1,3,37056.260363,2701.879213,"ns/op",80000
"org.CustomQueue.CustomQueueBenchmark.testIterator","avgt",1,3,38906.452083,1078.149550,"ns/op",90000
"org.CustomQueue.CustomQueueBenchmark.testIterator","avgt",1,3,44790.091325,8203.451573,"ns/op",100000
"org.CustomQueue.CustomQueueBenchmark.testOffer","avgt",1,3,27766.635515,9399.687688,"ns/op",10000
"org.CustomQueue.CustomQueueBenchmark.testOffer","avgt",1,3,53204.501847,2106.204782,"ns/op",20000
"org.CustomQueue.CustomQueueBenchmark.testOffer","avgt",1,3,76353.960389,5701.761576,"ns/op",30000
"org.CustomQueue.CustomQueueBenchmark.testOffer","avgt",1,3,102876.730714,28743.291222,"ns/op",40000
"org.CustomQueue.CustomQueueBenchmark.testOffer","avgt",1,3,126557.640634,7274.903958,"ns/op",50000
"org.CustomQueue.CustomQueueBenchmark.testOffer","avgt",1,3,150346.215490,29730.865891,"ns/op",60000
"org.CustomQueue.CustomQueueBenchmark.testOffer","avgt",1,3,182999.967070,7742.570084,"ns/op",70000
"org.CustomQueue.CustomQueueBenchmark.testOffer","avgt",1,3,207451.621807,18891.893497,"ns/op",80000
"org.CustomQueue.CustomQueueBenchmark.testOffer","avgt",1,3,243413.817588,470223.464485,"ns/op",90000
"org.CustomQueue.CustomQueueBenchmark.testOffer","avgt",1,3,252088.090697,56613.595262,"ns/op",100000
"org.CustomQueue.CustomQueueBenchmark.testPeek","avgt",1,3,20.916527,104.414279,"ns/op",10000
"org.CustomQueue.CustomQueueBenchmark.testPeek","avgt",1,3,39.439319,407.925681,"ns/op",20000
"org.CustomQueue.CustomQueueBenchmark.testPeek","avgt",1,3,26.822991,8.838752,"ns/op",30000
"org.CustomQueue.CustomQueueBenchmark.testPeek","avgt",1,3,32.494037,24.068990,"ns/op",40000
"org.CustomQueue.CustomQueueBenchmark.testPeek","avgt",1,3,24.939692,32.794370,"ns/op",50000
"org.CustomQueue.CustomQueueBenchmark.testPeek","avgt",1,3,30.083894,87.488825,"ns/op",60000
"org.CustomQueue.CustomQueueBenchmark.testPeek","avgt",1,3,24.729689,17.408342,"ns/op",70000
"org.CustomQueue.CustomQueueBenchmark.testPeek","avgt",1,3,25.338551,7.372974,"ns/op",80000
"org.CustomQueue.CustomQueueBenchmark.testPeek","avgt",1,3,28.773721,74.780565,"ns/op",90000
"org.CustomQueue.CustomQueueBenchmark.testPeek","avgt",1,3,27.181670,89.436716,"ns/op",100000
"org.CustomQueue.CustomQueueBenchmark.testPoll","avgt",1,3,18632.933797,8490.945826,"ns/op",10000
"org.CustomQueue.CustomQueueBenchmark.testPoll","avgt",1,3,37077.725707,2039.168141,"ns/op",20000
"org.CustomQueue.CustomQueueBenchmark.testPoll","avgt",1,3,54644.920270,4233.822290,"ns/op",30000
"org.CustomQueue.CustomQueueBenchmark.testPoll","avgt",1,3,72213.394575,2762.959393,"ns/op",40000
"org.CustomQueue.CustomQueueBenchmark.testPoll","avgt",1,3,91925.028317,15669.926610,"ns/op",50000
"org.CustomQueue.CustomQueueBenchmark.testPoll","avgt",1,3,112082.418713,153733.934921,"ns/op",60000
"org.CustomQueue.CustomQueueBenchmark.testPoll","avgt",1,3,130215.376995,134949.131428,"ns/op",70000
"org.CustomQueue.CustomQueueBenchmark.testPoll","avgt",1,3,155116.013860,103010.991359,"ns/op",80000
"org.CustomQueue.CustomQueueBenchmark.testPoll","avgt",1,3,173015.075036,141753.813450,"ns/op",90000
"org.CustomQueue.CustomQueueBenchmark.testPoll","avgt",1,3,191308.186183,145049.674673,"ns/op",100000
"org.CustomQueue.CustomQueueBenchmark.testRemoveAll","avgt",1,3,84600.160131,6759.223966,"ns/op",10000
"org.CustomQueue.CustomQueueBenchmark.testRemoveAll","avgt",1,3,176637.360194,173732.978959,"ns/op",20000
"org.CustomQueue.CustomQueueBenchmark.testRemoveAll","avgt",1,3,246301.812462,8518.681419,"ns/op",30000
"org.CustomQueue.CustomQueueBenchmark.testRemoveAll","avgt",1,3,333989.464763,10625.192902,"ns/op",40000
"org.CustomQueue.CustomQueueBenchmark.testRemoveAll","avgt",1,3,411874.173252,38773.984099,"ns/op",50000
"org.CustomQueue.CustomQueueBenchmark.testRemoveAll","avgt",1,3,498061.088764,68509.985615,"ns/op",60000
"org.CustomQueue.CustomQueueBenchmark.testRemoveAll","avgt",1,3,568757.019698,28278.682428,"ns/op",70000
"org.CustomQueue.CustomQueueBenchmark.testRemoveAll","avgt",1,3,647492.385633,44285.996893,"ns/op",80000
"org.CustomQueue.CustomQueueBenchmark.testRemoveAll","avgt",1,3,744667.681509,32985.442091,"ns/op",90000
"org.CustomQueue.CustomQueueBenchmark.testRemoveAll","avgt",1,3,850872.139872,233000.629473,"ns/op",100000
"org.CustomQueue.CustomQueueBenchmark.testRemoveHead","avgt",1,3,19046.461319,14893.037717,"ns/op",10000
"org.CustomQueue.CustomQueueBenchmark.testRemoveHead","avgt",1,3,36185.554280,4506.667057,"ns/op",20000
"org.CustomQueue.CustomQueueBenchmark.testRemoveHead","avgt",1,3,54288.512506,1258.753448,"ns/op",30000
"org.CustomQueue.CustomQueueBenchmark.testRemoveHead","avgt",1,3,76698.737848,44305.295020,"ns/op",40000
"org.CustomQueue.CustomQueueBenchmark.testRemoveHead","avgt",1,3,102642.980315,205337.795370,"ns/op",50000
"org.CustomQueue.CustomQueueBenchmark.testRemoveHead","avgt",1,3,113182.633983,117104.103840,"ns/op",60000
"org.CustomQueue.CustomQueueBenchmark.testRemoveHead","avgt",1,3,132539.347356,107154.060625,"ns/op",70000
"org.CustomQueue.CustomQueueBenchmark.testRemoveHead","avgt",1,3,153985.370406,108808.992946,"ns/op",80000
"org.CustomQueue.CustomQueueBenchmark.testRemoveHead","avgt",1,3,173401.694388,139077.178379,"ns/op",90000
"org.CustomQueue.CustomQueueBenchmark.testRemoveHead","avgt",1,3,194016.266368,110548.495941,"ns/op",100000
"org.CustomQueue.CustomQueueBenchmark.testRemoveObject","avgt",1,3,25783.537205,37086.540795,"ns/op",10000
"org.CustomQueue.CustomQueueBenchmark.testRemoveObject","avgt",1,3,48810.218841,3279.830756,"ns/op",20000
"org.CustomQueue.CustomQueueBenchmark.testRemoveObject","avgt",1,3,72685.316215,3429.113610,"ns/op",30000
"org.CustomQueue.CustomQueueBenchmark.testRemoveObject","avgt",1,3,97253.816411,6179.378851,"ns/op",40000
"org.CustomQueue.CustomQueueBenchmark.testRemoveObject","avgt",1,3,119762.979675,25690.858801,"ns/op",50000
"org.CustomQueue.CustomQueueBenchmark.testRemoveObject","avgt",1,3,140404.120949,38266.481318,"ns/op",60000
"org.CustomQueue.CustomQueueBenchmark.testRemoveObject","avgt",1,3,166047.982584,71850.588382,"ns/op",70000
"org.CustomQueue.CustomQueueBenchmark.testRemoveObject","avgt",1,3,186169.313738,49479.959092,"ns/op",80000
"org.CustomQueue.CustomQueueBenchmark.testRemoveObject","avgt",1,3,207251.330618,47704.965932,"ns/op",90000
"org.CustomQueue.CustomQueueBenchmark.testRemoveObject","avgt",1,3,227824.421080,41133.271308,"ns/op",100000
"org.CustomQueue.CustomQueueBenchmark.testRetainAll","avgt",1,3,81030.443871,2043.890811,"ns/op",10000
"org.CustomQueue.CustomQueueBenchmark.testRetainAll","avgt",1,3,155327.165192,7387.655377,"ns/op",20000
"org.CustomQueue.CustomQueueBenchmark.testRetainAll","avgt",1,3,234604.488695,91483.301451,"ns/op",30000
"org.CustomQueue.CustomQueueBenchmark.testRetainAll","avgt",1,3,311267.999626,114286.130653,"ns/op",40000
"org.CustomQueue.CustomQueueBenchmark.testRetainAll","avgt",1,3,406480.424223,29633.553891,"ns/op",50000
"org.CustomQueue.CustomQueueBenchmark.testRetainAll","avgt",1,3,497431.944195,404054.723809,"ns/op",60000
"org.CustomQueue.CustomQueueBenchmark.testRetainAll","avgt",1,3,551401.101666,433086.134807,"ns/op",70000
"org.CustomQueue.CustomQueueBenchmark.testRetainAll","avgt",1,3,771569.382454,1909811.709684,"ns/op",80000
"org.CustomQueue.CustomQueueBenchmark.testRetainAll","avgt",1,3,682816.150803,9368.823725,"ns/op",90000
"org.CustomQueue.CustomQueueBenchmark.testRetainAll","avgt",1,3,777468.604328,194598.818821,"ns/op",100000
"org.CustomQueue.CustomQueueBenchmark.testSize","avgt",1,3,21.475043,195.577265,"ns/op",10000
"org.CustomQueue.CustomQueueBenchmark.testSize","avgt",1,3,39.081025,474.504320,"ns/op",20000
"org.CustomQueue.CustomQueueBenchmark.testSize","avgt",1,3,24.462593,8.134914,"ns/op",30000
"org.CustomQueue.CustomQueueBenchmark.testSize","avgt",1,3,27.303471,59.253992,"ns/op",40000
"org.CustomQueue.CustomQueueBenchmark.testSize","avgt",1,3,24.351393,49.689927,"ns/op",50000
"org.CustomQueue.CustomQueueBenchmark.testSize","avgt",1,3,39.641385,261.409135,"ns/op",60000
"org.CustomQueue.CustomQueueBenchmark.testSize","avgt",1,3,29.186102,82.508336,"ns/op",70000
"org.CustomQueue.CustomQueueBenchmark.testSize","avgt",1,3,29.780541,87.022485,"ns/op",80000
"org.CustomQueue.CustomQueueBenchmark.testSize","avgt",1,3,27.460276,71.751099,"ns/op",90000
"org.CustomQueue.CustomQueueBenchmark.testSize","avgt",1,3,28.998986,98.368717,"ns/op",100000
"org.CustomQueue.CustomQueueBenchmark.testToArray","avgt",1,3,1076.213927,273.609113,"ns/op",10000
"org.CustomQueue.CustomQueueBenchmark.testToArray","avgt",1,3,2492.345730,852.265156,"ns/op",20000
"org.CustomQueue.CustomQueueBenchmark.testToArray","avgt",1,3,4210.159558,922.446478,"ns/op",30000
"org.CustomQueue.CustomQueueBenchmark.testToArray","avgt",1,3,5745.238331,5402.040515,"ns/op",40000
"org.CustomQueue.CustomQueueBenchmark.testToArray","avgt",1,3,6366.511556,2378.744345,"ns/op",50000
"org.CustomQueue.CustomQueueBenchmark.testToArray","avgt",1,3,6924.985042,1790.677950,"ns/op",60000
"org.CustomQueue.CustomQueueBenchmark.testToArray","avgt",1,3,9200.434425,5573.753876,"ns/op",70000
"org.CustomQueue.CustomQueueBenchmark.testToArray","avgt",1,3,10573.672921,1516.263965,"ns/op",80000
"org.CustomQueue.CustomQueueBenchmark.testToArray","avgt",1,3,11649.325844,1649.404977,"ns/op",90000
"org.CustomQueue.CustomQueueBenchmark.testToArray","avgt",1,3,12702.793040,2554.509343,"ns/op",100000
"org.CustomQueue.CustomQueueBenchmark.testToArrayWithType","avgt",1,3,6446.552448,8456.750469,"ns/op",10000
"org.CustomQueue.CustomQueueBenchmark.testToArrayWithType","avgt",1,3,13309.130834,2514.098738,"ns/op",20000
"org.CustomQueue.CustomQueueBenchmark.testToArrayWithType","avgt",1,3,20671.772607,846.651075,"ns/op",30000
"org.CustomQueue.CustomQueueBenchmark.testToArrayWithType","avgt",1,3,26679.612822,4960.243185,"ns/op",40000
"org.CustomQueue.CustomQueueBenchmark.testToArrayWithType","avgt",1,3,32906.313896,943.461026,"ns/op",50000
"org.CustomQueue.CustomQueueBenchmark.testToArrayWithType","avgt",1,3,38751.083857,2946.998388,"ns/op",60000
"org.CustomQueue.CustomQueueBenchmark.testToArrayWithType","avgt",1,3,45789.245512,41124.089040,"ns/op",70000
"org.CustomQueue.CustomQueueBenchmark.testToArrayWithType","avgt",1,3,51697.749618,37661.514170,"ns/op",80000
"org.CustomQueue.CustomQueueBenchmark.testToArrayWithType","avgt",1,3,59658.109357,49878.304928,"ns/op",90000
"org.CustomQueue.CustomQueueBenchmark.testToArrayWithType","avgt",1,3,64166.312630,38449.989928,"ns/op",100000
"org.CustomQueue.CustomQueueBenchmark.testToString","avgt",1,3,202280.968208,262822.137673,"ns/op",10000
"org.CustomQueue.CustomQueueBenchmark.testToString","avgt",1,3,336153.579237,10269.035082,"ns/op",20000
"org.CustomQueue.CustomQueueBenchmark.testToString","avgt",1,3,537527.711419,168265.769452,"ns/op",30000
"org.CustomQueue.CustomQueueBenchmark.testToString","avgt",1,3,691325.845920,147808.896217,"ns/op",40000
"org.CustomQueue.CustomQueueBenchmark.testToString","avgt",1,3,841814.831549,332497.385277,"ns/op",50000
"org.CustomQueue.CustomQueueBenchmark.testToString","avgt",1,3,943219.089992,32330.017618,"ns/op",60000
"org.CustomQueue.CustomQueueBenchmark.testToString","avgt",1,3,1281807.757276,38626.211392,"ns/op",70000
"org.CustomQueue.CustomQueueBenchmark.testToString","avgt",1,3,1252966.382749,144783.244878,"ns/op",80000
"org.CustomQueue.CustomQueueBenchmark.testToString","avgt",1,3,1428454.228613,136591.584998,"ns/op",90000
"org.CustomQueue.CustomQueueBenchmark.testToString","avgt",1,3,1554832.249572,244415.653575,"ns/op",100000
